<?xml version="1.0" encoding="UTF-8"?>

<beans xmlns="http://www.springframework.org/schema/beans"
	xmlns:xsi="http://www.w3.org/2001/XMLSchema-instance"
	xmlns:context="http://www.springframework.org/schema/context"
	xsi:schemaLocation="http://www.springframework.org/schema/beans    	
	http://www.springframework.org/schema/beans/spring-beans-4.0.xsd
	http://www.springframework.org/schema/context
	http://www.springframework.org/schema/context/spring-context-4.0">
	
	<context:component-scan base-package="com.samplespring.NavinReddy" > </context:component-scan>


<!-- <bean id="vehicle" class="com.samplespring.NavinReddy.Bike">  </bean>-->

<!-- <bean id="tyre" class="com.samplespring.NavinReddy.Tyre">

<property name="Brand" value="MRF" />

<constructor-arg value="MRF" />

</bean> -->

</beans> 